Sum of Sales,Order Date,forecastValue,confidenceHighBound,confidenceLowBound
808.563,01-01-2012 00:00,,,
314.22,02-01-2012 00:00,,,
4503.5372,03-01-2012 00:00,,,
2808.87024,04-01-2012 00:00,,,
3662.31,05-01-2012 00:00,,,
622.5381,06-01-2012 00:00,,,
7123.0185,07-01-2012 00:00,,,
6293.26,08-01-2012 00:00,,,
813.7494,09-01-2012 00:00,,,
6794.18116,10-01-2012 00:00,,,
6451.2517,11-01-2012 00:00,,,
2629.71652,12-01-2012 00:00,,,
2584.595,13-01-2012 00:00,,,
6280.4475,14-01-2012 00:00,,,
2279.5306,15-01-2012 00:00,,,
149.95,16-01-2012 00:00,,,
2309.52924,17-01-2012 00:00,,,
932.763,18-01-2012 00:00,,,
2054.691,19-01-2012 00:00,,,
2289.241,20-01-2012 00:00,,,
8485.3576,21-01-2012 00:00,,,
3564.1245,22-01-2012 00:00,,,
2163.43,23-01-2012 00:00,,,
3984.3813,24-01-2012 00:00,,,
1191.622,25-01-2012 00:00,,,
5422.6764,26-01-2012 00:00,,,
2165.3999,27-01-2012 00:00,,,
1208.122,28-01-2012 00:00,,,
909.94,29-01-2012 00:00,,,
454.887,30-01-2012 00:00,,,
7642.585,31-01-2012 00:00,,,
2455.67,01-02-2012 00:00,,,
7712.6763,02-02-2012 00:00,,,
366.644,03-02-2012 00:00,,,
1866.782,04-02-2012 00:00,,,
221.396,05-02-2012 00:00,,,
2.688,06-02-2012 00:00,,,
1799.1848,07-02-2012 00:00,,,
1007.82,08-02-2012 00:00,,,
4575.80736,09-02-2012 00:00,,,
11865.386,10-02-2012 00:00,,,
1007.42736,11-02-2012 00:00,,,
2870.8,12-02-2012 00:00,,,
129.568,13-02-2012 00:00,,,
4603.894,14-02-2012 00:00,,,
10346.901,15-02-2012 00:00,,,
9333.6093,16-02-2012 00:00,,,
630.9812,17-02-2012 00:00,,,
2301.124,18-02-2012 00:00,,,
156.134,19-02-2012 00:00,,,
4485.643,21-02-2012 00:00,,,
2646.144,22-02-2012 00:00,,,
4353.976,23-02-2012 00:00,,,
5868.44554,24-02-2012 00:00,,,
3393.51712,25-02-2012 00:00,,,
4106.661,26-02-2012 00:00,,,
624.96,27-02-2012 00:00,,,
2418.317,28-02-2012 00:00,,,
12565.7663,29-02-2012 00:00,,,
4148.3728,01-03-2012 00:00,,,
9479.9366,02-03-2012 00:00,,,
1243.073,03-03-2012 00:00,,,
834.166,04-03-2012 00:00,,,
135.08,05-03-2012 00:00,,,
3863.362,06-03-2012 00:00,,,
9871.4036,07-03-2012 00:00,,,
722.766,08-03-2012 00:00,,,
4109.668,09-03-2012 00:00,,,
2933.80812,10-03-2012 00:00,,,
4636.748,11-03-2012 00:00,,,
6627.33,13-03-2012 00:00,,,
1824.624,14-03-2012 00:00,,,
1160.882,15-03-2012 00:00,,,
4614.013,16-03-2012 00:00,,,
30117.5462,17-03-2012 00:00,,,
971.462,18-03-2012 00:00,,,
10681.92214,20-03-2012 00:00,,,
3879.797,21-03-2012 00:00,,,
5070.3631,22-03-2012 00:00,,,
1363.384,23-03-2012 00:00,,,
3267.17126,24-03-2012 00:00,,,
856.445,25-03-2012 00:00,,,
29.814,26-03-2012 00:00,,,
4261.49644,27-03-2012 00:00,,,
2950.3782,28-03-2012 00:00,,,
5760.5126,29-03-2012 00:00,,,
7748.076,30-03-2012 00:00,,,
2582.801,31-03-2012 00:00,,,
8922.054,01-04-2012 00:00,,,
879.26,02-04-2012 00:00,,,
5723.19948,03-04-2012 00:00,,,
10266.5543,04-04-2012 00:00,,,
4672.516,05-04-2012 00:00,,,
3439.49,06-04-2012 00:00,,,
6800.426,07-04-2012 00:00,,,
367.365,08-04-2012 00:00,,,
4548.4736,10-04-2012 00:00,,,
4013.325,11-04-2012 00:00,,,
3053.3892,12-04-2012 00:00,,,
6250.894,13-04-2012 00:00,,,
1727.692,14-04-2012 00:00,,,
4039.898,15-04-2012 00:00,,,
5905.0505,17-04-2012 00:00,,,
2861.818,18-04-2012 00:00,,,
4136.99,19-04-2012 00:00,,,
4701.69,20-04-2012 00:00,,,
7061.9661,21-04-2012 00:00,,,
772.14,22-04-2012 00:00,,,
165.816,23-04-2012 00:00,,,
5028.6025,24-04-2012 00:00,,,
2086.2285,25-04-2012 00:00,,,
8435.277,26-04-2012 00:00,,,
3908.238,27-04-2012 00:00,,,
3070.826,28-04-2012 00:00,,,
1493.784,29-04-2012 00:00,,,
9275.207,01-05-2012 00:00,,,
5259.2939,02-05-2012 00:00,,,
7512.6567,03-05-2012 00:00,,,
2998.255,04-05-2012 00:00,,,
5964.67968,05-05-2012 00:00,,,
1983.514,06-05-2012 00:00,,,
2501.493,07-05-2012 00:00,,,
5018.48574,08-05-2012 00:00,,,
5825.5265,09-05-2012 00:00,,,
2821.097,10-05-2012 00:00,,,
5518.592,11-05-2012 00:00,,,
6773.806,12-05-2012 00:00,,,
4542.15,13-05-2012 00:00,,,
193.9275,14-05-2012 00:00,,,
1568.453,15-05-2012 00:00,,,
3523.569,16-05-2012 00:00,,,
9233.3544,17-05-2012 00:00,,,
3039.9052,18-05-2012 00:00,,,
1291.395,19-05-2012 00:00,,,
10643.691,20-05-2012 00:00,,,
225.89,21-05-2012 00:00,,,
6533.044,22-05-2012 00:00,,,
10474.0216,23-05-2012 00:00,,,
3042.062,24-05-2012 00:00,,,
5963.665,25-05-2012 00:00,,,
5867.767,26-05-2012 00:00,,,
2104.2679,27-05-2012 00:00,,,
8638.3231,29-05-2012 00:00,,,
8409.74388,30-05-2012 00:00,,,
11480.4927,31-05-2012 00:00,,,
12516.5933,01-06-2012 00:00,,,
11349.365,02-06-2012 00:00,,,
1924.083,03-06-2012 00:00,,,
1139.34,04-06-2012 00:00,,,
10266.1,05-06-2012 00:00,,,
16750.66916,06-06-2012 00:00,,,
9526.7146,07-06-2012 00:00,,,
10247.062,08-06-2012 00:00,,,
5473.2366,09-06-2012 00:00,,,
3161.302,10-06-2012 00:00,,,
37.464,11-06-2012 00:00,,,
6576.14576,12-06-2012 00:00,,,
4947.3435,13-06-2012 00:00,,,
6110.8755,14-06-2012 00:00,,,
4009.489,15-06-2012 00:00,,,
14495.52216,16-06-2012 00:00,,,
5516.986,17-06-2012 00:00,,,
57.9,18-06-2012 00:00,,,
8528.58376,19-06-2012 00:00,,,
8718.351,20-06-2012 00:00,,,
19196.0446,21-06-2012 00:00,,,
3133.561,22-06-2012 00:00,,,
5390.39244,23-06-2012 00:00,,,
5901.02814,24-06-2012 00:00,,,
1269.252,25-06-2012 00:00,,,
6654.4935,26-06-2012 00:00,,,
7198.3968,27-06-2012 00:00,,,
8332.5323,28-06-2012 00:00,,,
5298.0604,29-06-2012 00:00,,,
3844.656,30-06-2012 00:00,,,
388.955,01-07-2012 00:00,,,
1982.4309,03-07-2012 00:00,,,
3723.7455,04-07-2012 00:00,,,
3773.45656,05-07-2012 00:00,,,
4855.94512,06-07-2012 00:00,,,
3385.266,07-07-2012 00:00,,,
2023.079,08-07-2012 00:00,,,
5228.10488,10-07-2012 00:00,,,
5227.161,11-07-2012 00:00,,,
1940.142,12-07-2012 00:00,,,
3035.146,13-07-2012 00:00,,,
933.7476,14-07-2012 00:00,,,
3626.502,15-07-2012 00:00,,,
355,16-07-2012 00:00,,,
5443.5756,17-07-2012 00:00,,,
4766.4048,18-07-2012 00:00,,,
7975.5875,19-07-2012 00:00,,,
6100.88292,20-07-2012 00:00,,,
3074.46,21-07-2012 00:00,,,
3859.0052,22-07-2012 00:00,,,
101.48,23-07-2012 00:00,,,
12335.772,24-07-2012 00:00,,,
7916.3664,25-07-2012 00:00,,,
9804.38074,26-07-2012 00:00,,,
3210.4893,27-07-2012 00:00,,,
1917.4847,28-07-2012 00:00,,,
4205.2388,29-07-2012 00:00,,,
475.9536,30-07-2012 00:00,,,
6769.1215,31-07-2012 00:00,,,
5344.5065,01-08-2012 00:00,,,
10667.9764,02-08-2012 00:00,,,
13623.4015,03-08-2012 00:00,,,
5711.4464,04-08-2012 00:00,,,
1072.596,05-08-2012 00:00,,,
37.86,06-08-2012 00:00,,,
8099.047,07-08-2012 00:00,,,
13284.498,08-08-2012 00:00,,,
13151.891,09-08-2012 00:00,,,
7410.921,10-08-2012 00:00,,,
8969.5969,11-08-2012 00:00,,,
2603.052,12-08-2012 00:00,,,
6933.398,14-08-2012 00:00,,,
13436.1683,15-08-2012 00:00,,,
6625.604,16-08-2012 00:00,,,
9052.81576,17-08-2012 00:00,,,
10154.613,18-08-2012 00:00,,,
3032.602,19-08-2012 00:00,,,
2995.5723,20-08-2012 00:00,,,
5180.47692,21-08-2012 00:00,,,
3310.35,22-08-2012 00:00,,,
5164.88392,23-08-2012 00:00,,,
9633.2171,24-08-2012 00:00,,,
8122.2762,25-08-2012 00:00,,,
5397.358,26-08-2012 00:00,,,
7613.06082,28-08-2012 00:00,,,
8905.7286,29-08-2012 00:00,,,
5277.4521,30-08-2012 00:00,,,
7250.914,31-08-2012 00:00,,,
14364.1468,01-09-2012 00:00,,,
813.54,02-09-2012 00:00,,,
4149.8752,04-09-2012 00:00,,,
10296.67936,05-09-2012 00:00,,,
6333.653,06-09-2012 00:00,,,
36827.74592,07-09-2012 00:00,,,
11577.03568,08-09-2012 00:00,,,
3268.4308,09-09-2012 00:00,,,
1367.97,10-09-2012 00:00,,,
14077.43268,11-09-2012 00:00,,,
6391.793,12-09-2012 00:00,,,
17720.99818,13-09-2012 00:00,,,
10736.1766,14-09-2012 00:00,,,
5407.0809,15-09-2012 00:00,,,
2466.335,16-09-2012 00:00,,,
750.24,17-09-2012 00:00,,,
16203.33736,18-09-2012 00:00,,,
13651.3334,19-09-2012 00:00,,,
9810.8032,20-09-2012 00:00,,,
9066.5295,21-09-2012 00:00,,,
23866.899,22-09-2012 00:00,,,
4393.344,23-09-2012 00:00,,,
6371.5808,24-09-2012 00:00,,,
8477.01134,25-09-2012 00:00,,,
15354.15488,26-09-2012 00:00,,,
11437.54184,27-09-2012 00:00,,,
11746.71,28-09-2012 00:00,,,
6035.1629,29-09-2012 00:00,,,
1624.20712,30-09-2012 00:00,,,
598.144,01-10-2012 00:00,,,
8662.52128,02-10-2012 00:00,,,
8180.71572,03-10-2012 00:00,,,
2596.1845,04-10-2012 00:00,,,
17181.1931,05-10-2012 00:00,,,
11291.24992,06-10-2012 00:00,,,
3840.9008,07-10-2012 00:00,,,
249.36,08-10-2012 00:00,,,
7857.7148,09-10-2012 00:00,,,
2025.2895,10-10-2012 00:00,,,
4656.312,11-10-2012 00:00,,,
9798.95798,12-10-2012 00:00,,,
14453.2311,13-10-2012 00:00,,,
8231.75672,14-10-2012 00:00,,,
1364.09648,15-10-2012 00:00,,,
5983.01866,16-10-2012 00:00,,,
8290.87736,17-10-2012 00:00,,,
8883.0806,18-10-2012 00:00,,,
7524.2985,19-10-2012 00:00,,,
7271.4774,20-10-2012 00:00,,,
4953.816,21-10-2012 00:00,,,
4550.677,23-10-2012 00:00,,,
4802.985,24-10-2012 00:00,,,
8069.4229,25-10-2012 00:00,,,
17289.6859,26-10-2012 00:00,,,
5778.5817,27-10-2012 00:00,,,
5022.808,28-10-2012 00:00,,,
133.26,29-10-2012 00:00,,,
7905.44,30-10-2012 00:00,,,
18667.51056,31-10-2012 00:00,,,
8691.009,01-11-2012 00:00,,,
19275.0876,02-11-2012 00:00,,,
18652.758,03-11-2012 00:00,,,
10385.6998,04-11-2012 00:00,,,
1555.6215,05-11-2012 00:00,,,
13232.5699,06-11-2012 00:00,,,
4292.2318,07-11-2012 00:00,,,
12155.4545,08-11-2012 00:00,,,
10174.022,09-11-2012 00:00,,,
24402.39878,10-11-2012 00:00,,,
4232.5592,11-11-2012 00:00,,,
345.76,12-11-2012 00:00,,,
12537.5958,13-11-2012 00:00,,,
10494.6696,14-11-2012 00:00,,,
8008.8932,15-11-2012 00:00,,,
14062.8082,16-11-2012 00:00,,,
13514.9344,17-11-2012 00:00,,,
9876.244,18-11-2012 00:00,,,
975,19-11-2012 00:00,,,
5411.864,20-11-2012 00:00,,,
9528.56168,21-11-2012 00:00,,,
8510.63296,22-11-2012 00:00,,,
10785.4121,23-11-2012 00:00,,,
18118.76232,24-11-2012 00:00,,,
6403.18,25-11-2012 00:00,,,
302.75,26-11-2012 00:00,,,
9289.64072,27-11-2012 00:00,,,
8444.3224,28-11-2012 00:00,,,
6168.5835,29-11-2012 00:00,,,
14118.3252,30-11-2012 00:00,,,
7294.181,01-12-2012 00:00,,,
9013.2148,02-12-2012 00:00,,,
615.2,03-12-2012 00:00,,,
10388.71264,04-12-2012 00:00,,,
12460.3335,05-12-2012 00:00,,,
10246.562,06-12-2012 00:00,,,
13338.5575,07-12-2012 00:00,,,
14316.2024,08-12-2012 00:00,,,
5847.5503,09-12-2012 00:00,,,
796.63504,10-12-2012 00:00,,,
10224.35358,11-12-2012 00:00,,,
14356.21064,12-12-2012 00:00,,,
14350.1541,13-12-2012 00:00,,,
15078.048,14-12-2012 00:00,,,
14190.5144,15-12-2012 00:00,,,
13732.1394,16-12-2012 00:00,,,
10801.10436,18-12-2012 00:00,,,
21881.9314,19-12-2012 00:00,,,
13003.04024,20-12-2012 00:00,,,
12810.8913,21-12-2012 00:00,,,
10609.91348,22-12-2012 00:00,,,
9788.526,23-12-2012 00:00,,,
539.2235,24-12-2012 00:00,,,
14832.9215,25-12-2012 00:00,,,
15140.1727,26-12-2012 00:00,,,
18801.06272,27-12-2012 00:00,,,
10904.2029,28-12-2012 00:00,,,
6705.187,29-12-2012 00:00,,,
7740.663,30-12-2012 00:00,,,
10006.6647,01-01-2013 00:00,,,
3453.3043,02-01-2013 00:00,,,
2617.8439,03-01-2013 00:00,,,
5662.225,04-01-2013 00:00,,,
544.514,05-01-2013 00:00,,,
3699.814,06-01-2013 00:00,,,
2176.452,07-01-2013 00:00,,,
3598.28,08-01-2013 00:00,,,
6298.249,09-01-2013 00:00,,,
8259.468,10-01-2013 00:00,,,
8385.098,11-01-2013 00:00,,,
7106.17,12-01-2013 00:00,,,
2041.023,13-01-2013 00:00,,,
8370.402,15-01-2013 00:00,,,
6562.913,16-01-2013 00:00,,,
4541.032,17-01-2013 00:00,,,
3370.9544,18-01-2013 00:00,,,
3578.8797,19-01-2013 00:00,,,
1382.57,20-01-2013 00:00,,,
1493.13,21-01-2013 00:00,,,
9669.3469,22-01-2013 00:00,,,
3226.72,23-01-2013 00:00,,,
3514.215,24-01-2013 00:00,,,
3413.5885,25-01-2013 00:00,,,
9422.532,26-01-2013 00:00,,,
7629.48984,27-01-2013 00:00,,,
876.66,28-01-2013 00:00,,,
3633.518,29-01-2013 00:00,,,
1245.663,30-01-2013 00:00,,,
1655.2549,31-01-2013 00:00,,,
11630.772,01-02-2013 00:00,,,
957.816,02-02-2013 00:00,,,
4976.20924,03-02-2013 00:00,,,
396.84,04-02-2013 00:00,,,
8730.321,05-02-2013 00:00,,,
4020.95,06-02-2013 00:00,,,
2318.80634,07-02-2013 00:00,,,
4527.562,08-02-2013 00:00,,,
3683.7683,09-02-2013 00:00,,,
203.928,10-02-2013 00:00,,,
156.54,11-02-2013 00:00,,,
4968.7556,12-02-2013 00:00,,,
4814.3652,13-02-2013 00:00,,,
5439.31,14-02-2013 00:00,,,
1259.6346,15-02-2013 00:00,,,
1518.394,16-02-2013 00:00,,,
5537.5228,17-02-2013 00:00,,,
175.8,18-02-2013 00:00,,,
2677.594,19-02-2013 00:00,,,
4677.513,20-02-2013 00:00,,,
2871.958,21-02-2013 00:00,,,
4379.1315,22-02-2013 00:00,,,
3960.5175,23-02-2013 00:00,,,
3307.15,24-02-2013 00:00,,,
7574.48,26-02-2013 00:00,,,
3048.877,27-02-2013 00:00,,,
1040.446,28-02-2013 00:00,,,
3912.28452,01-03-2013 00:00,,,
10722.62,02-03-2013 00:00,,,
625.05,03-03-2013 00:00,,,
8252.424,05-03-2013 00:00,,,
5920.861,06-03-2013 00:00,,,
8466.049,07-03-2013 00:00,,,
4857.2925,08-03-2013 00:00,,,
3455.53676,09-03-2013 00:00,,,
1169.653,10-03-2013 00:00,,,
381.84,11-03-2013 00:00,,,
4087.2451,12-03-2013 00:00,,,
4668.9125,13-03-2013 00:00,,,
5567.2049,14-03-2013 00:00,,,
7147.5432,15-03-2013 00:00,,,
13257.4236,16-03-2013 00:00,,,
538.503,17-03-2013 00:00,,,
11459.7256,19-03-2013 00:00,,,
17842.2938,20-03-2013 00:00,,,
4297.802,21-03-2013 00:00,,,
5868.942,22-03-2013 00:00,,,
3936.5048,23-03-2013 00:00,,,
1816.809,24-03-2013 00:00,,,
8993.665,26-03-2013 00:00,,,
7167.215,27-03-2013 00:00,,,
4451.0828,28-03-2013 00:00,,,
7350.868,29-03-2013 00:00,,,
3309.65608,30-03-2013 00:00,,,
3551.764,31-03-2013 00:00,,,
510.8958,01-04-2013 00:00,,,
4606.772,02-04-2013 00:00,,,
2207.699,03-04-2013 00:00,,,
2904.12448,04-04-2013 00:00,,,
9765.98048,05-04-2013 00:00,,,
7148.48124,06-04-2013 00:00,,,
6394.754,07-04-2013 00:00,,,
3254.542,09-04-2013 00:00,,,
3481.707,10-04-2013 00:00,,,
5853.7588,11-04-2013 00:00,,,
3760.98448,12-04-2013 00:00,,,
10056.3505,13-04-2013 00:00,,,
9265.29444,14-04-2013 00:00,,,
493.056,15-04-2013 00:00,,,
14554.1235,16-04-2013 00:00,,,
5026.78624,17-04-2013 00:00,,,
8079.10186,18-04-2013 00:00,,,
7687.61226,19-04-2013 00:00,,,
6559.79606,20-04-2013 00:00,,,
1608.866,21-04-2013 00:00,,,
6675.234,22-04-2013 00:00,,,
2668.28288,23-04-2013 00:00,,,
3334.9658,24-04-2013 00:00,,,
9519.889,25-04-2013 00:00,,,
5788.4155,26-04-2013 00:00,,,
6079.78824,27-04-2013 00:00,,,
7614.46296,28-04-2013 00:00,,,
427.688,29-04-2013 00:00,,,
5722.857,30-04-2013 00:00,,,
3648.9454,01-05-2013 00:00,,,
2318.871,02-05-2013 00:00,,,
5683.18706,03-05-2013 00:00,,,
10824.71712,04-05-2013 00:00,,,
1394.5904,05-05-2013 00:00,,,
1149.10868,06-05-2013 00:00,,,
11200.05968,07-05-2013 00:00,,,
10824.805,08-05-2013 00:00,,,
6777.641,09-05-2013 00:00,,,
8658.9026,10-05-2013 00:00,,,
10523.35952,11-05-2013 00:00,,,
3610.662,12-05-2013 00:00,,,
312.454,13-05-2013 00:00,,,
6948.14426,14-05-2013 00:00,,,
10569.8106,15-05-2013 00:00,,,
8159.34952,16-05-2013 00:00,,,
8386.745,17-05-2013 00:00,,,
5269.476,18-05-2013 00:00,,,
855.705,19-05-2013 00:00,,,
169.544,20-05-2013 00:00,,,
6140.5833,21-05-2013 00:00,,,
9831.9655,22-05-2013 00:00,,,
8572.9015,23-05-2013 00:00,,,
9347.2105,24-05-2013 00:00,,,
12591.215,25-05-2013 00:00,,,
2945.4518,26-05-2013 00:00,,,
11.448,27-05-2013 00:00,,,
9209.7715,28-05-2013 00:00,,,
9657.818,29-05-2013 00:00,,,
5710.8698,30-05-2013 00:00,,,
17059.5785,31-05-2013 00:00,,,
9042.4255,01-06-2013 00:00,,,
6164.8454,02-06-2013 00:00,,,
178.146,03-06-2013 00:00,,,
7132.72206,04-06-2013 00:00,,,
11513.6761,05-06-2013 00:00,,,
8813.03,06-06-2013 00:00,,,
7109.7135,07-06-2013 00:00,,,
9397.2354,08-06-2013 00:00,,,
3934.5448,09-06-2013 00:00,,,
3240.8355,10-06-2013 00:00,,,
13400.62562,11-06-2013 00:00,,,
11955.748,12-06-2013 00:00,,,
9580.44396,13-06-2013 00:00,,,
6869.472,14-06-2013 00:00,,,
6557.09416,15-06-2013 00:00,,,
13218.0525,16-06-2013 00:00,,,
1087.416,17-06-2013 00:00,,,
14119.3497,18-06-2013 00:00,,,
15135.0835,19-06-2013 00:00,,,
13716.881,20-06-2013 00:00,,,
11013.1022,21-06-2013 00:00,,,
11806.3416,22-06-2013 00:00,,,
5459.08,23-06-2013 00:00,,,
331.57,24-06-2013 00:00,,,
15915.4079,25-06-2013 00:00,,,
9251.33102,26-06-2013 00:00,,,
9843.5155,27-06-2013 00:00,,,
4771.254,28-06-2013 00:00,,,
12080.7765,29-06-2013 00:00,,,
3535.979,30-06-2013 00:00,,,
2542.08,01-07-2013 00:00,,,
4707.2877,02-07-2013 00:00,,,
6684.9445,03-07-2013 00:00,,,
9367.307,04-07-2013 00:00,,,
3103.06054,05-07-2013 00:00,,,
8492.15192,06-07-2013 00:00,,,
4382.91,07-07-2013 00:00,,,
33.984,08-07-2013 00:00,,,
5109.27364,09-07-2013 00:00,,,
2585.2245,10-07-2013 00:00,,,
9034.24296,11-07-2013 00:00,,,
5471.208,12-07-2013 00:00,,,
8228.9015,13-07-2013 00:00,,,
3906.4185,14-07-2013 00:00,,,
26.892,15-07-2013 00:00,,,
7015.9315,16-07-2013 00:00,,,
4968.6812,17-07-2013 00:00,,,
6272.59914,18-07-2013 00:00,,,
1634.973,19-07-2013 00:00,,,
7687.442,20-07-2013 00:00,,,
1752.60416,21-07-2013 00:00,,,
8516.752,23-07-2013 00:00,,,
5628.17846,24-07-2013 00:00,,,
6362.431,25-07-2013 00:00,,,
4225.54664,26-07-2013 00:00,,,
4140.50776,27-07-2013 00:00,,,
1348.761,28-07-2013 00:00,,,
42.82,29-07-2013 00:00,,,
5247.402,30-07-2013 00:00,,,
6716.2685,31-07-2013 00:00,,,
12391.7964,01-08-2013 00:00,,,
17671.6471,02-08-2013 00:00,,,
20849.17662,03-08-2013 00:00,,,
1388.094,04-08-2013 00:00,,,
2078.969,05-08-2013 00:00,,,
7336.64898,06-08-2013 00:00,,,
9290.4067,07-08-2013 00:00,,,
8976.3498,08-08-2013 00:00,,,
12666.19216,09-08-2013 00:00,,,
15656.0786,10-08-2013 00:00,,,
1506.948,11-08-2013 00:00,,,
691.905,12-08-2013 00:00,,,
5722.6392,13-08-2013 00:00,,,
14003.468,14-08-2013 00:00,,,
6844.232,15-08-2013 00:00,,,
16138.6797,16-08-2013 00:00,,,
9297.289,17-08-2013 00:00,,,
6422.0311,18-08-2013 00:00,,,
33.96,19-08-2013 00:00,,,
17934.2388,20-08-2013 00:00,,,
6849.497,21-08-2013 00:00,,,
9683.2125,22-08-2013 00:00,,,
10801.219,23-08-2013 00:00,,,
19841.9538,24-08-2013 00:00,,,
2598.43652,25-08-2013 00:00,,,
2258.204,26-08-2013 00:00,,,
10458.086,27-08-2013 00:00,,,
16827.2455,28-08-2013 00:00,,,
15279.03,29-08-2013 00:00,,,
7040.725,30-08-2013 00:00,,,
14604.5829,31-08-2013 00:00,,,
5592.234,01-09-2013 00:00,,,
2085.825,02-09-2013 00:00,,,
11086.86004,03-09-2013 00:00,,,
10733.8545,04-09-2013 00:00,,,
9362.82758,05-09-2013 00:00,,,
15371.87288,06-09-2013 00:00,,,
13642.547,07-09-2013 00:00,,,
2771.991,08-09-2013 00:00,,,
3305.814,09-09-2013 00:00,,,
15473.2303,10-09-2013 00:00,,,
7064.7848,11-09-2013 00:00,,,
6633.672,12-09-2013 00:00,,,
13354.7745,13-09-2013 00:00,,,
15244.3752,14-09-2013 00:00,,,
9837.13896,15-09-2013 00:00,,,
1262.479,16-09-2013 00:00,,,
16867.1433,17-09-2013 00:00,,,
17579.18578,18-09-2013 00:00,,,
5124.172,19-09-2013 00:00,,,
17701.159,20-09-2013 00:00,,,
14294.02724,21-09-2013 00:00,,,
5308.2784,22-09-2013 00:00,,,
414,23-09-2013 00:00,,,
15315.2837,24-09-2013 00:00,,,
9277.6129,25-09-2013 00:00,,,
10443.35316,26-09-2013 00:00,,,
11331.2322,27-09-2013 00:00,,,
14806.4319,28-09-2013 00:00,,,
7434.0533,29-09-2013 00:00,,,
668.952,30-09-2013 00:00,,,
14903.2949,01-10-2013 00:00,,,
6724.5992,02-10-2013 00:00,,,
9909.529,03-10-2013 00:00,,,
8740.8626,04-10-2013 00:00,,,
16411.95278,05-10-2013 00:00,,,
4668.3783,06-10-2013 00:00,,,
96,07-10-2013 00:00,,,
5035.7308,08-10-2013 00:00,,,
8865.54108,09-10-2013 00:00,,,
9466.34074,10-10-2013 00:00,,,
11847.6165,11-10-2013 00:00,,,
10974.386,12-10-2013 00:00,,,
6026.056,13-10-2013 00:00,,,
98.44,14-10-2013 00:00,,,
15018.71396,15-10-2013 00:00,,,
4260.59174,16-10-2013 00:00,,,
14582.22988,17-10-2013 00:00,,,
5181.936,18-10-2013 00:00,,,
11176.505,19-10-2013 00:00,,,
4861.925,20-10-2013 00:00,,,
154.77,21-10-2013 00:00,,,
6701.6292,22-10-2013 00:00,,,
8751.5916,23-10-2013 00:00,,,
11084.47944,24-10-2013 00:00,,,
17693.51938,25-10-2013 00:00,,,
5812.545,26-10-2013 00:00,,,
7347.9572,27-10-2013 00:00,,,
272.54,28-10-2013 00:00,,,
6812.0098,29-10-2013 00:00,,,
12020.5466,30-10-2013 00:00,,,
7437.6325,31-10-2013 00:00,,,
11949.44772,01-11-2013 00:00,,,
18487.45014,02-11-2013 00:00,,,
5840.65864,03-11-2013 00:00,,,
820.52,04-11-2013 00:00,,,
12281.2284,05-11-2013 00:00,,,
5124.82818,06-11-2013 00:00,,,
10643.96774,07-11-2013 00:00,,,
28561.16,08-11-2013 00:00,,,
12353.3231,09-11-2013 00:00,,,
15566.35992,10-11-2013 00:00,,,
1546.368,11-11-2013 00:00,,,
11421.689,12-11-2013 00:00,,,
25621.95062,13-11-2013 00:00,,,
10203.80838,14-11-2013 00:00,,,
15137.6561,15-11-2013 00:00,,,
16249.1847,16-11-2013 00:00,,,
6542.949,17-11-2013 00:00,,,
178.2,18-11-2013 00:00,,,
7551.5076,19-11-2013 00:00,,,
16073.9935,20-11-2013 00:00,,,
12834.0034,21-11-2013 00:00,,,
7020.19,22-11-2013 00:00,,,
13101.7573,23-11-2013 00:00,,,
7935.704,24-11-2013 00:00,,,
385.684,25-11-2013 00:00,,,
6162.062,26-11-2013 00:00,,,
10679.3206,27-11-2013 00:00,,,
13772.07346,28-11-2013 00:00,,,
10128.2258,29-11-2013 00:00,,,
9337.1456,30-11-2013 00:00,,,
15573.4269,01-12-2013 00:00,,,
282.348,02-12-2013 00:00,,,
22906.4414,03-12-2013 00:00,,,
16801.13678,04-12-2013 00:00,,,
6986.34436,05-12-2013 00:00,,,
11697.425,06-12-2013 00:00,,,
11723.7461,07-12-2013 00:00,,,
4077.124,08-12-2013 00:00,,,
2455.95,09-12-2013 00:00,,,
8745.13128,10-12-2013 00:00,,,
12184.6973,11-12-2013 00:00,,,
7409.1392,12-12-2013 00:00,,,
16506.5184,13-12-2013 00:00,,,
5520.3778,14-12-2013 00:00,,,
11397.998,15-12-2013 00:00,,,
2137.68,16-12-2013 00:00,,,
13440.209,17-12-2013 00:00,,,
7509.477,18-12-2013 00:00,,,
22433.19732,19-12-2013 00:00,,,
20077.66394,20-12-2013 00:00,,,
10490.67876,21-12-2013 00:00,,,
5545.725,22-12-2013 00:00,,,
606.02,23-12-2013 00:00,,,
15731.13084,24-12-2013 00:00,,,
21570.6031,25-12-2013 00:00,,,
16941.76952,26-12-2013 00:00,,,
15327.6531,27-12-2013 00:00,,,
14815.1683,28-12-2013 00:00,,,
1870.5078,29-12-2013 00:00,,,
4823.094,30-12-2013 00:00,,,
10668.5844,31-12-2013 00:00,,,
9369.153,01-01-2014 00:00,,,
11613.8956,02-01-2014 00:00,,,
5790.969,03-01-2014 00:00,,,
16266.57344,04-01-2014 00:00,,,
5795.9995,05-01-2014 00:00,,,
98.96,06-01-2014 00:00,,,
12466.376,07-01-2014 00:00,,,
6649.573,08-01-2014 00:00,,,
4550.418,09-01-2014 00:00,,,
7617.9429,10-01-2014 00:00,,,
4942.5665,11-01-2014 00:00,,,
7543.6876,12-01-2014 00:00,,,
46.116,13-01-2014 00:00,,,
2583.10538,14-01-2014 00:00,,,
7600.39,15-01-2014 00:00,,,
4987.9172,16-01-2014 00:00,,,
3968.6696,17-01-2014 00:00,,,
7588.74316,18-01-2014 00:00,,,
5773.738,19-01-2014 00:00,,,
2252.55,20-01-2014 00:00,,,
11124.019,21-01-2014 00:00,,,
6085.718,22-01-2014 00:00,,,
5145.696,23-01-2014 00:00,,,
2210.3428,24-01-2014 00:00,,,
8421.979,25-01-2014 00:00,,,
1176.5256,26-01-2014 00:00,,,
1290.42,27-01-2014 00:00,,,
12537.8485,28-01-2014 00:00,,,
9020.703,29-01-2014 00:00,,,
6866.5544,30-01-2014 00:00,,,
7798.7572,31-01-2014 00:00,,,
3303.96156,01-02-2014 00:00,,,
11259.02264,02-02-2014 00:00,,,
1204.71,03-02-2014 00:00,,,
1414.609,04-02-2014 00:00,,,
18217.84608,05-02-2014 00:00,,,
8925.3719,06-02-2014 00:00,,,
8287.905,07-02-2014 00:00,,,
9333.5721,08-02-2014 00:00,,,
5124.833,09-02-2014 00:00,,,
997.719,10-02-2014 00:00,,,
8821.35362,11-02-2014 00:00,,,
6532.916,12-02-2014 00:00,,,
3511.6102,13-02-2014 00:00,,,
5786.87468,14-02-2014 00:00,,,
3596.835,15-02-2014 00:00,,,
3844.527,16-02-2014 00:00,,,
12446.434,18-02-2014 00:00,,,
7327.4245,19-02-2014 00:00,,,
4248.398,20-02-2014 00:00,,,
4173.247,21-02-2014 00:00,,,
8363.59,22-02-2014 00:00,,,
1928.082,23-02-2014 00:00,,,
5845.52872,25-02-2014 00:00,,,
5315.825,26-02-2014 00:00,,,
15505.1614,27-02-2014 00:00,,,
1922.293,28-02-2014 00:00,,,
6597.06804,01-03-2014 00:00,,,
7286.518,02-03-2014 00:00,,,
444.8958,03-03-2014 00:00,,,
15417.512,04-03-2014 00:00,,,
8917.34268,05-03-2014 00:00,,,
6954.35032,06-03-2014 00:00,,,
3656.2319,07-03-2014 00:00,,,
9786.367,08-03-2014 00:00,,,
2424.06456,09-03-2014 00:00,,,
635.6,10-03-2014 00:00,,,
18502.21736,11-03-2014 00:00,,,
5184.498,12-03-2014 00:00,,,
11326.8795,13-03-2014 00:00,,,
11487.989,14-03-2014 00:00,,,
6026.35208,15-03-2014 00:00,,,
3828.16,16-03-2014 00:00,,,
35.34,17-03-2014 00:00,,,
7049.69856,18-03-2014 00:00,,,
8508.0787,19-03-2014 00:00,,,
8830.2609,20-03-2014 00:00,,,
4664.94124,21-03-2014 00:00,,,
2700.9167,22-03-2014 00:00,,,
9343.8875,23-03-2014 00:00,,,
193.24,24-03-2014 00:00,,,
6929.8997,25-03-2014 00:00,,,
3764.6951,26-03-2014 00:00,,,
8676.10938,27-03-2014 00:00,,,
3555.3726,28-03-2014 00:00,,,
10828.672,29-03-2014 00:00,,,
4669.2935,30-03-2014 00:00,,,
367.578,31-03-2014 00:00,,,
5679.585,01-04-2014 00:00,,,
10219.9645,02-04-2014 00:00,,,
5294.4016,03-04-2014 00:00,,,
3970.899,04-04-2014 00:00,,,
8882.7545,05-04-2014 00:00,,,
3030.1485,06-04-2014 00:00,,,
2496.13,07-04-2014 00:00,,,
7426.4559,08-04-2014 00:00,,,
10098.59432,09-04-2014 00:00,,,
6461.4648,10-04-2014 00:00,,,
3486.196,11-04-2014 00:00,,,
8453.2346,12-04-2014 00:00,,,
3538.985,13-04-2014 00:00,,,
1176.06,14-04-2014 00:00,,,
6550.78132,15-04-2014 00:00,,,
7757.19348,16-04-2014 00:00,,,
13408.671,17-04-2014 00:00,,,
7217.33408,18-04-2014 00:00,,,
5935.0134,19-04-2014 00:00,,,
5387.88944,20-04-2014 00:00,,,
2692.2856,22-04-2014 00:00,,,
8133.48504,23-04-2014 00:00,,,
3658.22,24-04-2014 00:00,,,
9208.55802,25-04-2014 00:00,,,
10916.00614,26-04-2014 00:00,,,
2222.706,27-04-2014 00:00,,,
3897.4987,29-04-2014 00:00,,,
10620.8009,30-04-2014 00:00,,,
11486.8388,01-05-2014 00:00,,,
1993.9131,02-05-2014 00:00,,,
10906.3059,03-05-2014 00:00,,,
7506.0037,04-05-2014 00:00,,,
1605.42,05-05-2014 00:00,,,
6345.9162,06-05-2014 00:00,,,
9004.9013,07-05-2014 00:00,,,
11563.1095,08-05-2014 00:00,,,
6235.9187,09-05-2014 00:00,,,
8156.05,10-05-2014 00:00,,,
6436.862,11-05-2014 00:00,,,
436.834,12-05-2014 00:00,,,
3520.26,13-05-2014 00:00,,,
10354.08486,14-05-2014 00:00,,,
8747.5656,15-05-2014 00:00,,,
14928.2762,16-05-2014 00:00,,,
8981.65684,17-05-2014 00:00,,,
2135.17784,18-05-2014 00:00,,,
832.8,19-05-2014 00:00,,,
4217.01962,20-05-2014 00:00,,,
10407.966,21-05-2014 00:00,,,
9609.7165,22-05-2014 00:00,,,
4886.85586,23-05-2014 00:00,,,
22700.50344,24-05-2014 00:00,,,
3839.1047,25-05-2014 00:00,,,
1364.89,26-05-2014 00:00,,,
11794.5539,27-05-2014 00:00,,,
17001.1588,28-05-2014 00:00,,,
14578.93724,29-05-2014 00:00,,,
12983.5511,30-05-2014 00:00,,,
15936.413,31-05-2014 00:00,,,
8286.255,01-06-2014 00:00,,,
1710.822,02-06-2014 00:00,,,
11974.78,03-06-2014 00:00,,,
18446.54674,04-06-2014 00:00,,,
19053.6998,05-06-2014 00:00,,,
10820.2138,06-06-2014 00:00,,,
20571.80336,07-06-2014 00:00,,,
8766.2973,08-06-2014 00:00,,,
449.67,09-06-2014 00:00,,,
21924.19572,10-06-2014 00:00,,,
23931.94808,11-06-2014 00:00,,,
15274.13606,12-06-2014 00:00,,,
18579.1949,13-06-2014 00:00,,,
17450.4206,14-06-2014 00:00,,,
13960.01572,15-06-2014 00:00,,,
1241.248,16-06-2014 00:00,,,
20476.8394,17-06-2014 00:00,,,
20791.1896,18-06-2014 00:00,,,
10296.5126,19-06-2014 00:00,,,
10392.9283,20-06-2014 00:00,,,
11388.29308,21-06-2014 00:00,,,
3666.708,22-06-2014 00:00,,,
2961.438,23-06-2014 00:00,,,
24123.81282,24-06-2014 00:00,,,
22756.9316,25-06-2014 00:00,,,
12466.334,26-06-2014 00:00,,,
17975.07866,27-06-2014 00:00,,,
16550.22176,28-06-2014 00:00,,,
5627.047,29-06-2014 00:00,,,
4605.03,30-06-2014 00:00,,,
9508.07888,01-07-2014 00:00,,,
10953.62664,02-07-2014 00:00,,,
9431.70904,03-07-2014 00:00,,,
6050.2232,04-07-2014 00:00,,,
5129.5397,05-07-2014 00:00,,,
5712.55404,06-07-2014 00:00,,,
51.52,07-07-2014 00:00,,,
16834.878,08-07-2014 00:00,,,
5904.4355,09-07-2014 00:00,,,
10176.856,10-07-2014 00:00,,,
11002.6448,11-07-2014 00:00,,,
10501.20672,12-07-2014 00:00,,,
2029.715,13-07-2014 00:00,,,
2441.02352,14-07-2014 00:00,,,
10978.83828,15-07-2014 00:00,,,
10726.3773,16-07-2014 00:00,,,
5669.85686,17-07-2014 00:00,,,
4888.334,18-07-2014 00:00,,,
7928.4999,19-07-2014 00:00,,,
7852.508,20-07-2014 00:00,,,
89.95,21-07-2014 00:00,,,
14716.4437,22-07-2014 00:00,,,
8701.27792,23-07-2014 00:00,,,
4495.121,24-07-2014 00:00,,,
15506.9149,25-07-2014 00:00,,,
11296.7505,26-07-2014 00:00,,,
977.52,27-07-2014 00:00,,,
716.733,28-07-2014 00:00,,,
7271.4761,29-07-2014 00:00,,,
5760.467,30-07-2014 00:00,,,
6623.8725,31-07-2014 00:00,,,
15739.88888,01-08-2014 00:00,,,
9884.04422,02-08-2014 00:00,,,
4220.29,03-08-2014 00:00,,,
3406.9704,04-08-2014 00:00,,,
6754.5477,05-08-2014 00:00,,,
12377.637,06-08-2014 00:00,,,
12677.57344,07-08-2014 00:00,,,
6508.44688,08-08-2014 00:00,,,
9095.2398,09-08-2014 00:00,,,
4810.348,10-08-2014 00:00,,,
943.506,11-08-2014 00:00,,,
18109.25496,12-08-2014 00:00,,,
15315.0775,13-08-2014 00:00,,,
9339.94,14-08-2014 00:00,,,
18846.98,15-08-2014 00:00,,,
19199.20472,16-08-2014 00:00,,,
3204.735,17-08-2014 00:00,,,
24.072,18-08-2014 00:00,,,
13954.55488,19-08-2014 00:00,,,
11053.138,20-08-2014 00:00,,,
14644.5053,21-08-2014 00:00,,,
20914.6812,22-08-2014 00:00,,,
10338.4369,23-08-2014 00:00,,,
15632.6933,24-08-2014 00:00,,,
375.456,25-08-2014 00:00,,,
9247.405,26-08-2014 00:00,,,
21351.4685,27-08-2014 00:00,,,
11947.6502,28-08-2014 00:00,,,
9017.61244,29-08-2014 00:00,,,
8131.03264,30-08-2014 00:00,,,
9422.3985,31-08-2014 00:00,,,
365.308,01-09-2014 00:00,,,
12374.2472,02-09-2014 00:00,,,
22431.6059,03-09-2014 00:00,,,
14181.08688,04-09-2014 00:00,,,
17986.4125,05-09-2014 00:00,,,
14405.467,06-09-2014 00:00,,,
2432.237,07-09-2014 00:00,,,
1058.2104,08-09-2014 00:00,,,
15472.0449,09-09-2014 00:00,,,
16155.07586,10-09-2014 00:00,,,
12800.8402,11-09-2014 00:00,,,
17038.4505,12-09-2014 00:00,,,
12952.54494,13-09-2014 00:00,,,
20747.764,14-09-2014 00:00,,,
1840.928,15-09-2014 00:00,,,
20816.3305,16-09-2014 00:00,,,
16186.4583,17-09-2014 00:00,,,
6126.71094,18-09-2014 00:00,,,
21465.1807,19-09-2014 00:00,,,
23853.26708,20-09-2014 00:00,,,
14390.61452,21-09-2014 00:00,,,
164.61,22-09-2014 00:00,,,
4632.708,23-09-2014 00:00,,,
14077.28,24-09-2014 00:00,,,
18285.9016,25-09-2014 00:00,,,
17363.49584,26-09-2014 00:00,,,
11984.1713,27-09-2014 00:00,,,
7035.8718,28-09-2014 00:00,,,
997.918,29-09-2014 00:00,,,
16996.50382,30-09-2014 00:00,,,
7366.253,01-10-2014 00:00,,,
11091.91576,02-10-2014 00:00,,,
26325.29798,03-10-2014 00:00,,,
12945.0904,04-10-2014 00:00,,,
10810.0834,05-10-2014 00:00,,,
72.9204,06-10-2014 00:00,,,
7622.66046,07-10-2014 00:00,,,
9901.5372,08-10-2014 00:00,,,
14508.5563,09-10-2014 00:00,,,
5394.942,10-10-2014 00:00,,,
11738.0949,11-10-2014 00:00,,,
4575.07016,12-10-2014 00:00,,,
1156,13-10-2014 00:00,,,
9136.939,14-10-2014 00:00,,,
17727.9413,15-10-2014 00:00,,,
14027.94622,16-10-2014 00:00,,,
14107.5114,17-10-2014 00:00,,,
12939.4413,18-10-2014 00:00,,,
962.568,19-10-2014 00:00,,,
412.188,20-10-2014 00:00,,,
10370.9516,21-10-2014 00:00,,,
14937.47492,22-10-2014 00:00,,,
15583.325,23-10-2014 00:00,,,
3728.86576,24-10-2014 00:00,,,
7382.3006,25-10-2014 00:00,,,
2369.88172,26-10-2014 00:00,,,
1590.264,27-10-2014 00:00,,,
8588.956,28-10-2014 00:00,,,
12815.10846,29-10-2014 00:00,,,
13942.4152,30-10-2014 00:00,,,
9274.14244,31-10-2014 00:00,,,
20912.12782,01-11-2014 00:00,,,
3214.961,02-11-2014 00:00,,,
13808.27114,04-11-2014 00:00,,,
15754.074,05-11-2014 00:00,,,
16328.2569,06-11-2014 00:00,,,
8291.3617,07-11-2014 00:00,,,
13703.4378,08-11-2014 00:00,,,
10233.15192,09-11-2014 00:00,,,
479.97,10-11-2014 00:00,,,
19648.5191,11-11-2014 00:00,,,
8931.8481,12-11-2014 00:00,,,
19744.77918,13-11-2014 00:00,,,
10062.8955,14-11-2014 00:00,,,
20263.8765,15-11-2014 00:00,,,
7730.995,16-11-2014 00:00,,,
3740.296,17-11-2014 00:00,,,
12479.1843,18-11-2014 00:00,,,
24523.33794,19-11-2014 00:00,,,
5286.2659,20-11-2014 00:00,,,
9791.073,21-11-2014 00:00,,,
15233.32182,22-11-2014 00:00,,,
6812.498,23-11-2014 00:00,,,
3372.64564,24-11-2014 00:00,,,
16204.89612,25-11-2014 00:00,,,
20902.2293,26-11-2014 00:00,,,
14318.573,27-11-2014 00:00,,,
29925.34976,28-11-2014 00:00,,,
15182.30256,29-11-2014 00:00,,,
7108.8611,30-11-2014 00:00,,,
1364.885,01-12-2014 00:00,,,
15644.011,02-12-2014 00:00,,,
19735.465,03-12-2014 00:00,,,
17446.07442,04-12-2014 00:00,,,
6781.752,05-12-2014 00:00,,,
20781.3036,06-12-2014 00:00,,,
7412.277,07-12-2014 00:00,,,
383.68,08-12-2014 00:00,,,
12882.0841,09-12-2014 00:00,,,
16257.4905,10-12-2014 00:00,,,
18101.0833,11-12-2014 00:00,,,
18001.20684,12-12-2014 00:00,,,
9430.0595,13-12-2014 00:00,,,
4576.24592,14-12-2014 00:00,,,
1385.358,15-12-2014 00:00,,,
23018.6528,16-12-2014 00:00,,,
13433.86052,17-12-2014 00:00,,,
33934.3826,18-12-2014 00:00,,,
15151.203,19-12-2014 00:00,,,
22227.35348,20-12-2014 00:00,,,
3501.239,21-12-2014 00:00,,,
2333.24,22-12-2014 00:00,,,
15337.1411,23-12-2014 00:00,,,
15831.4899,24-12-2014 00:00,,,
11340.688,25-12-2014 00:00,,,
36435.14374,26-12-2014 00:00,,,
10278.3105,27-12-2014 00:00,,,
3553.0363,28-12-2014 00:00,,,
426.56,29-12-2014 00:00,,,
14292.38,30-12-2014 00:00,,,
14176.7209,31-12-2014 00:00,,,
3614.0345,01-01-2015 00:00,,,
4169.51614,02-01-2015 00:00,,,
11327.622,03-01-2015 00:00,,,
4705.2737,04-01-2015 00:00,,,
426.66,05-01-2015 00:00,,,
10840.6525,06-01-2015 00:00,,,
6201.1715,07-01-2015 00:00,,,
13412.551,08-01-2015 00:00,,,
9742.349,09-01-2015 00:00,,,
4202.1201,10-01-2015 00:00,,,
4428.555,11-01-2015 00:00,,,
74.376,12-01-2015 00:00,,,
5358.283,13-01-2015 00:00,,,
17297.8,14-01-2015 00:00,,,
6001.5883,15-01-2015 00:00,,,
11339.18734,16-01-2015 00:00,,,
14419.377,17-01-2015 00:00,,,
9690.959,18-01-2015 00:00,,,
194.04,19-01-2015 00:00,,,
11621.8767,20-01-2015 00:00,,,
8760.21228,21-01-2015 00:00,,,
12946.0991,22-01-2015 00:00,,,
6711.383,23-01-2015 00:00,,,
9327.464,24-01-2015 00:00,,,
7099.291,25-01-2015 00:00,,,
2073.1635,26-01-2015 00:00,,,
5229.7944,27-01-2015 00:00,,,
8557.4038,28-01-2015 00:00,,,
11461.767,29-01-2015 00:00,,,
7594.134,30-01-2015 00:00,,,
12439.8508,31-01-2015 00:00,,,
866.496,01-02-2015 00:00,,,
4501.0905,03-02-2015 00:00,,,
8190.8021,04-02-2015 00:00,,,
6322.965,05-02-2015 00:00,,,
7087.8438,06-02-2015 00:00,,,
11013.111,07-02-2015 00:00,,,
2330.52,08-02-2015 00:00,,,
127.89,09-02-2015 00:00,,,
11901.2469,10-02-2015 00:00,,,
12390.489,11-02-2015 00:00,,,
11209.1396,12-02-2015 00:00,,,
9613.0997,13-02-2015 00:00,,,
11483.1528,14-02-2015 00:00,,,
2606.401,15-02-2015 00:00,,,
412.38,16-02-2015 00:00,,,
10506.711,17-02-2015 00:00,,,
9960.8885,18-02-2015 00:00,,,
6749.0554,19-02-2015 00:00,,,
6909.839,20-02-2015 00:00,,,
8022.3259,21-02-2015 00:00,,,
2684.94,22-02-2015 00:00,,,
753.711,23-02-2015 00:00,,,
8064.3712,24-02-2015 00:00,,,
6739.635,25-02-2015 00:00,,,
4574.0988,26-02-2015 00:00,,,
10045.579,27-02-2015 00:00,,,
9769.57336,28-02-2015 00:00,,,
2913.32268,01-03-2015 00:00,,,
613.053,02-03-2015 00:00,,,
4703.6428,03-03-2015 00:00,,,
11929.4062,04-03-2015 00:00,,,
6783.227,05-03-2015 00:00,,,
7211.671,06-03-2015 00:00,,,
4784.565,07-03-2015 00:00,,,
3177.406,08-03-2015 00:00,,,
882.46,09-03-2015 00:00,,,
5362.4368,10-03-2015 00:00,,,
12587.338,11-03-2015 00:00,,,
9031.6962,12-03-2015 00:00,,,
6264.615,13-03-2015 00:00,,,
14090.9675,14-03-2015 00:00,,,
9022.7951,15-03-2015 00:00,,,
68.824,16-03-2015 00:00,,,
20497.38044,17-03-2015 00:00,,,
11182.05488,18-03-2015 00:00,,,
12634.701,19-03-2015 00:00,,,
9521.114,20-03-2015 00:00,,,
9052.518,21-03-2015 00:00,,,
8990.949,22-03-2015 00:00,,,
240.45,23-03-2015 00:00,,,
23864.2445,24-03-2015 00:00,,,
8008.5238,25-03-2015 00:00,,,
17628.17776,26-03-2015 00:00,,,
15203.49464,27-03-2015 00:00,,,
10960.88032,28-03-2015 00:00,,,
1731.742,29-03-2015 00:00,,,
251.86,30-03-2015 00:00,,,
13905.256,31-03-2015 00:00,,,
12109.7813,01-04-2015 00:00,,,
14932.88022,02-04-2015 00:00,,,
9184.2577,03-04-2015 00:00,,,
2807.2174,04-04-2015 00:00,,,
1767.8156,05-04-2015 00:00,,,
1151.547,06-04-2015 00:00,,,
11079.1493,07-04-2015 00:00,,,
7562.3715,08-04-2015 00:00,,,
16025.2166,09-04-2015 00:00,,,
8510.58544,10-04-2015 00:00,,,
8917.33408,11-04-2015 00:00,,,
5151.339,12-04-2015 00:00,,,
1890.072,13-04-2015 00:00,,,
12465.567,14-04-2015 00:00,,,
11623.83186,15-04-2015 00:00,,,
15246.71254,16-04-2015 00:00,,,
11517.0725,17-04-2015 00:00,,,
8721.1766,18-04-2015 00:00,,,
1880.865,19-04-2015 00:00,,,
1073.979,20-04-2015 00:00,,,
13644.6222,21-04-2015 00:00,,,
7244.557,22-04-2015 00:00,,,
7784.17092,23-04-2015 00:00,,,
10634.0821,24-04-2015 00:00,,,
5870.732,25-04-2015 00:00,,,
5624.4665,26-04-2015 00:00,,,
1084.3236,27-04-2015 00:00,,,
13019.0336,28-04-2015 00:00,,,
4531.0222,29-04-2015 00:00,,,
9716.07954,30-04-2015 00:00,,,
10075.2904,01-05-2015 00:00,,,
10095.5512,02-05-2015 00:00,,,
2956.367,03-05-2015 00:00,,,
2777.398,04-05-2015 00:00,,,
7532.742,05-05-2015 00:00,,,
3321.7977,06-05-2015 00:00,,,
14736.6462,07-05-2015 00:00,,,
22267.3795,08-05-2015 00:00,,,
14904.579,09-05-2015 00:00,,,
8213.04476,10-05-2015 00:00,,,
808.322,11-05-2015 00:00,,,
6460.4826,12-05-2015 00:00,,,
7718.0362,13-05-2015 00:00,,,
4904.3119,14-05-2015 00:00,,,
14365.104,15-05-2015 00:00,,,
21188.90412,16-05-2015 00:00,,,
6513.5895,17-05-2015 00:00,,,
160.736,18-05-2015 00:00,,,
16817.5266,19-05-2015 00:00,,,
12204.74084,20-05-2015 00:00,,,
8808.3488,21-05-2015 00:00,,,
8316.259,22-05-2015 00:00,,,
8352.0368,23-05-2015 00:00,,,
8062.7777,24-05-2015 00:00,,,
1212.5688,25-05-2015 00:00,,,
10350.4676,26-05-2015 00:00,,,
13568.35452,27-05-2015 00:00,,,
12134.9103,28-05-2015 00:00,,,
16614.258,29-05-2015 00:00,,,
6477.1895,30-05-2015 00:00,,,
6481.3256,31-05-2015 00:00,,,
2039.844,01-06-2015 00:00,,,
15738.0149,02-06-2015 00:00,,,
17697.93048,03-06-2015 00:00,,,
17543.37264,04-06-2015 00:00,,,
11191.20808,05-06-2015 00:00,,,
14222.06636,06-06-2015 00:00,,,
4525.76116,07-06-2015 00:00,,,
2846.67,08-06-2015 00:00,,,
20002.27146,09-06-2015 00:00,,,
18326.51064,10-06-2015 00:00,,,
17144.68156,11-06-2015 00:00,,,
11547.57096,12-06-2015 00:00,,,
12595.6398,13-06-2015 00:00,,,
7436.2755,14-06-2015 00:00,,,
1382.532,15-06-2015 00:00,,,
17988.1986,16-06-2015 00:00,,,
19974.10056,17-06-2015 00:00,,,
32197.37604,18-06-2015 00:00,,,
12526.26602,19-06-2015 00:00,,,
12022.671,20-06-2015 00:00,,,
6228.6212,21-06-2015 00:00,,,
1218.6009,22-06-2015 00:00,,,
16701.28862,23-06-2015 00:00,,,
27468.73764,24-06-2015 00:00,,,
13231.435,25-06-2015 00:00,,,
21339.98032,26-06-2015 00:00,,,
17892.87128,27-06-2015 00:00,,,
6938.569,28-06-2015 00:00,,,
2437.83,29-06-2015 00:00,,,
19407.16738,30-06-2015 00:00,,,
8456.245,01-07-2015 00:00,,,
11007.22,02-07-2015 00:00,,,
8742.40608,03-07-2015 00:00,,,
17291.8777,04-07-2015 00:00,,,
10303.694,05-07-2015 00:00,,,
652.28,06-07-2015 00:00,,,
7773.59508,07-07-2015 00:00,,,
4797.915,08-07-2015 00:00,,,
15173.26164,09-07-2015 00:00,,,
9793.106,10-07-2015 00:00,,,
8423.75894,11-07-2015 00:00,,,
8354.7919,12-07-2015 00:00,,,
213.528,13-07-2015 00:00,,,
9468.3334,14-07-2015 00:00,,,
7418.2445,15-07-2015 00:00,,,
9491.33298,16-07-2015 00:00,,,
11801.932,17-07-2015 00:00,,,
6535.983,18-07-2015 00:00,,,
7835.41144,19-07-2015 00:00,,,
12391.46374,21-07-2015 00:00,,,
12723.11432,22-07-2015 00:00,,,
4115.883,23-07-2015 00:00,,,
7808.157,24-07-2015 00:00,,,
6340.4384,25-07-2015 00:00,,,
6679.5597,26-07-2015 00:00,,,
3904.6325,27-07-2015 00:00,,,
8970.94942,28-07-2015 00:00,,,
11164.4213,29-07-2015 00:00,,,
12999.09244,30-07-2015 00:00,,,
8073.052,31-07-2015 00:00,,,
13110.5434,01-08-2015 00:00,,,
19434.857,02-08-2015 00:00,,,
1581.0615,03-08-2015 00:00,,,
21527.2271,04-08-2015 00:00,,,
13400.4034,05-08-2015 00:00,,,
19847.42876,06-08-2015 00:00,,,
23214.35076,07-08-2015 00:00,,,
17935.558,08-08-2015 00:00,,,
8220.3505,09-08-2015 00:00,,,
20214.3949,11-08-2015 00:00,,,
14177.26774,12-08-2015 00:00,,,
22487.8455,13-08-2015 00:00,,,
18806.9243,14-08-2015 00:00,,,
12693.38274,15-08-2015 00:00,,,
15881.6061,16-08-2015 00:00,,,
615.224,17-08-2015 00:00,,,
20153.8113,18-08-2015 00:00,,,
17608.52444,19-08-2015 00:00,,,
25234.6553,20-08-2015 00:00,,,
12040.4483,21-08-2015 00:00,,,
28177.6565,22-08-2015 00:00,,,
9433.4567,23-08-2015 00:00,,,
5495.804,24-08-2015 00:00,,,
11276.6997,25-08-2015 00:00,,,
18164.3487,26-08-2015 00:00,,,
8966.79406,27-08-2015 00:00,,,
22058.4326,28-08-2015 00:00,,,
28418.93576,29-08-2015 00:00,,,
5979.7393,30-08-2015 00:00,,,
462.21,31-08-2015 00:00,,,
16767.343,01-09-2015 00:00,,,
16641.96224,02-09-2015 00:00,,,
27844.18496,03-09-2015 00:00,,,
19503.059,04-09-2015 00:00,,,
19645.25958,05-09-2015 00:00,,,
12910.1938,06-09-2015 00:00,,,
630.36,07-09-2015 00:00,,,
27668.911,08-09-2015 00:00,,,
10259.91878,09-09-2015 00:00,,,
8982.8825,10-09-2015 00:00,,,
22511.7039,11-09-2015 00:00,,,
23056.04664,12-09-2015 00:00,,,
8900.3135,13-09-2015 00:00,,,
604.37,14-09-2015 00:00,,,
16199.98926,15-09-2015 00:00,,,
22922.8973,16-09-2015 00:00,,,
22945.90042,17-09-2015 00:00,,,
29838.06548,18-09-2015 00:00,,,
17151.95702,19-09-2015 00:00,,,
6013.833,20-09-2015 00:00,,,
8200.497,21-09-2015 00:00,,,
10645.0316,22-09-2015 00:00,,,
23876.49318,23-09-2015 00:00,,,
13629.54262,24-09-2015 00:00,,,
21492.49492,25-09-2015 00:00,,,
26791.06308,26-09-2015 00:00,,,
8142.87066,27-09-2015 00:00,,,
5995.96164,28-09-2015 00:00,,,
17931.8976,29-09-2015 00:00,,,
13452.24002,30-09-2015 00:00,,,
7427.7711,01-10-2015 00:00,,,
21532.2825,02-10-2015 00:00,,,
22240.5782,03-10-2015 00:00,,,
8752.06642,04-10-2015 00:00,,,
1601.323,05-10-2015 00:00,,,
22333.4812,06-10-2015 00:00,,,
18471.69556,07-10-2015 00:00,,,
10372.3426,08-10-2015 00:00,,,
13440.88776,09-10-2015 00:00,,,
11760.00796,10-10-2015 00:00,,,
6575.4189,11-10-2015 00:00,,,
3783.487,12-10-2015 00:00,,,
30242.1662,13-10-2015 00:00,,,
17237.64036,14-10-2015 00:00,,,
8445.6331,15-10-2015 00:00,,,
9612.99628,16-10-2015 00:00,,,
29929.68798,17-10-2015 00:00,,,
4896.6279,18-10-2015 00:00,,,
2605.7196,19-10-2015 00:00,,,
14932.046,20-10-2015 00:00,,,
11263.77236,21-10-2015 00:00,,,
16067.3567,22-10-2015 00:00,,,
24770.414,23-10-2015 00:00,,,
19624.69758,24-10-2015 00:00,,,
6714.7142,25-10-2015 00:00,,,
11054.28782,27-10-2015 00:00,,,
22230.4128,28-10-2015 00:00,,,
15127.4629,29-10-2015 00:00,,,
10448.81174,30-10-2015 00:00,,,
19270.83944,31-10-2015 00:00,,,
5190.376,01-11-2015 00:00,,,
3889.05,02-11-2015 00:00,,,
17834.4458,03-11-2015 00:00,,,
19814.964,04-11-2015 00:00,,,
24506.7476,05-11-2015 00:00,,,
18726.602,06-11-2015 00:00,,,
23916.90864,07-11-2015 00:00,,,
17783.05744,08-11-2015 00:00,,,
1313.5,09-11-2015 00:00,,,
19583.51294,10-11-2015 00:00,,,
21691.4615,11-11-2015 00:00,,,
26974.00248,12-11-2015 00:00,,,
19990.88942,13-11-2015 00:00,,,
23388.18572,14-11-2015 00:00,,,
5816.386,15-11-2015 00:00,,,
5086.306,16-11-2015 00:00,,,
22349.19476,17-11-2015 00:00,,,
39536.132,18-11-2015 00:00,,,
23160.0742,19-11-2015 00:00,,,
31408.0473,20-11-2015 00:00,,,
26292.2328,21-11-2015 00:00,,,
17026.27624,22-11-2015 00:00,,,
3145.7,23-11-2015 00:00,,,
16060.4461,24-11-2015 00:00,,,
25099.328,25-11-2015 00:00,,,
28477.40124,26-11-2015 00:00,,,
26091.9144,27-11-2015 00:00,,,
24443.46442,28-11-2015 00:00,,,
14512.761,29-11-2015 00:00,,,
2169.659,30-11-2015 00:00,2169.659,2169.659,2169.659
17570.8008,01-12-2015 00:00,22099.28209,30895.84673,13302.71745
17209.156,02-12-2015 00:00,24211.84248,33052.28054,15371.40443
25986.83372,03-12-2015 00:00,22503.00514,31387.09994,13618.91034
23717.50958,04-12-2015 00:00,23450.74254,32378.28061,14523.20448
17065.345,05-12-2015 00:00,24698.59176,33669.36271,15727.82081
5283.508,06-12-2015 00:00,13591.25334,22605.04981,4577.45686
4389.32992,07-12-2015 00:00,7417.900137,16474.51774,'-1638.7174658504664
18619.8606,08-12-2015 00:00,22099.28209,31323.52352,12875.04066
20608.6028,09-12-2015 00:00,24211.84248,33477.93257,14945.7524
25548.674,10-12-2015 00:00,22503.00514,31810.75572,13195.25455
19206.87518,11-12-2015 00:00,23450.74254,32799.96799,14101.5171
12083.5189,12-12-2015 00:00,24698.59176,34089.10889,15308.07463
16622.14026,13-12-2015 00:00,13591.25334,23022.88137,4159.625299
1309.264,14-12-2015 00:00,7417.900137,16890.46066,'-2054.660388412016
21374.216,15-12-2015 00:00,22099.28209,31732.2313,12466.33288
11568.2129,16-12-2015 00:00,24211.84248,33884.87231,14538.81266
16429.1869,17-12-2015 00:00,22503.00514,32215.95018,12790.06009
16123.57,18-12-2015 00:00,23450.74254,33203.43945,13698.04564
25753.1901,19-12-2015 00:00,24698.59176,34490.87916,14906.30437
7806.2602,20-12-2015 00:00,13591.25334,23422.9718,3759.534873
395.496,21-12-2015 00:00,7417.900137,17288.89215,'-2453.0918805693273
10355.855,22-12-2015 00:00,22099.28209,32124.29037,12074.27382
28096.0375,23-12-2015 00:00,24211.84248,34275.37002,14148.31495
20479.9147,24-12-2015 00:00,22503.00514,32604.90505,12401.10522
22701.69538,25-12-2015 00:00,23450.74254,33590.86963,13310.61545
26571.3444,26-12-2015 00:00,24698.59176,34876.80245,14520.38107
13421.26376,27-12-2015 00:00,13591.25334,23807.40566,3375.101006
1647.174,28-12-2015 00:00,7417.900137,17671.85371,'-2836.05343780383
25109.28878,29-12-2015 00:00,22099.28209,32501.58335,11696.98084
16831.6148,30-12-2015 00:00,24211.84248,34651.27096,13772.41401
13257.9543,31-12-2015 00:00,22503.00514,32979.42926,12026.58101
,01-01-2016 00:00,23450.74254,33964.03213,12937.45295
,02-01-2016 00:00,24698.59176,35248.61799,14148.56553
,03-01-2016 00:00,13591.25334,24177.88873,3004.617944
,04-01-2016 00:00,7417.900137,18041.01853,'-3205.2182572164365
,05-01-2016 00:00,22099.28209,32865.66273,11332.90146
,06-01-2016 00:00,24211.84248,35014.09907,13409.58589
,07-01-2016 00:00,22503.00514,33341.01893,11664.99135
,08-01-2016 00:00,23450.74254,34324.39595,12577.08913
,09-01-2016 00:00,24698.59176,35607.76835,13789.41517
,10-01-2016 00:00,13591.25334,24535.83781,2646.668856
,11-01-2016 00:00,7417.900137,18397.77832,'-3561.978046333368
,12-01-2016 00:00,22099.28209,33217.82662,10980.73756
,13-01-2016 00:00,24211.84248,35365.13025,13058.55472
,14-01-2016 00:00,22503.00514,33690.92824,11315.08203
,15-01-2016 00:00,23450.74254,34673.1941,12228.29098
,16-01-2016 00:00,24698.59176,35955.46586,13441.71766
,17-01-2016 00:00,13591.25334,24882.44503,2300.061639
,18-01-2016 00:00,7417.900137,18743.30545,'-3907.5051724860277
,19-01-2016 00:00,22099.28209,33559.17358,10639.3906
,20-01-2016 00:00,24211.84248,35705.44542,12718.23955
,21-01-2016 00:00,22503.00514,34030.22093,10975.78934
,22-01-2016 00:00,23450.74254,35011.47346,11890.01162
,23-01-2016 00:00,24698.59176,36292.74093,13104.44259
,24-01-2016 00:00,13591.25334,25218.7247,1963.781967
,25-01-2016 00:00,7417.900137,19078.59848,'-4242.798209472352
,26-01-2016 00:00,22099.28209,33890.64306,10307.92113
,27-01-2016 00:00,24211.84248,36035.96989,12387.71508
,28-01-2016 00:00,22503.00514,34359.80844,10646.20184
,29-01-2016 00:00,23450.74254,35340.13193,11561.35316
,30-01-2016 00:00,24698.59176,36620.47817,12776.70536
,31-01-2016 00:00,13591.25334,25545.54842,1636.958252
,01-02-2016 00:00,7417.900137,19404.51627,'-4568.716000622266
,02-02-2016 00:00,22099.28209,34213.04592,9985.518269
,03-02-2016 00:00,24211.84248,36357.503,12066.18197
,04-02-2016 00:00,22503.00514,34680.47881,10325.53147
,05-02-2016 00:00,23450.74254,35659.94646,11241.53862
,06-02-2016 00:00,24698.59176,36939.44369,12457.73983
,07-02-2016 00:00,13591.25334,25863.67166,1318.835015
,08-02-2016 00:00,7417.900137,19721.80386,'-4886.003590434853
,09-02-2016 00:00,22099.28209,34527.08779,9671.476394
,10-02-2016 00:00,24211.84248,36670.74091,11752.94406
,11-02-2016 00:00,22503.00514,34992.91889,10013.09139
,12-02-2016 00:00,23450.74254,35971.59479,10929.8903
,13-02-2016 00:00,24698.59176,37250.30624,12146.87728
,14-02-2016 00:00,13591.25334,26173.75436,1008.752315
,15-02-2016 00:00,7417.900137,20031.11255,'-5195.312278449905
,16-02-2016 00:00,22099.28209,34833.38728,9365.176903
,17-02-2016 00:00,24211.84248,36976.29431,11447.39066
,18-02-2016 00:00,22503.00514,35297.73163,9708.278648
,19-02-2016 00:00,23450.74254,36275.67223,10625.81286
,20-02-2016 00:00,24698.59176,37553.65368,11843.52984
,21-02-2016 00:00,13591.25334,26476.37702,706.1296479
,22-02-2016 00:00,7417.900137,20333.01562,'-5497.215346050467
,23-02-2016 00:00,22099.28209,35132.49027,9066.073912
,24-02-2016 00:00,24211.84248,37274.70247,11148.9825
,25-02-2016 00:00,22503.00514,35595.44977,9410.560505
,26-02-2016 00:00,23450.74254,36572.70512,10328.77996
,27-02-2016 00:00,24698.59176,37850.00604,11547.17749
,28-02-2016 00:00,13591.25334,26772.0535,410.453172
,29-02-2016 00:00,7417.900137,20628.02082,'-5792.220545408483
,01-03-2016 00:00,22099.28209,35424.88136,8773.68282
,02-03-2016 00:00,24211.84248,37566.44437,10857.2406
,03-03-2016 00:00,22503.00514,35886.54678,9119.463493
,04-03-2016 00:00,23450.74254,36863.1615,10038.32358
,05-03-2016 00:00,24698.59176,38139.826,11257.35752
,06-03-2016 00:00,13591.25334,27061.24121,121.2654568
,07-03-2016 00:00,7417.900137,20916.5804,'-6080.780129865325
,08-03-2016 00:00,22099.28209,35710.9931,8487.571088
,09-03-2016 00:00,24211.84248,37851.94776,10571.73721
,10-03-2016 00:00,22503.00514,36171.4457,8834.564573
,11-03-2016 00:00,23450.74254,37147.45977,9754.025308
,12-03-2016 00:00,24698.59176,38423.52741,10973.65612
,13-03-2016 00:00,13591.25334,27344.34949,'-161.84282337712466
,14-03-2016 00:00,7417.900137,21199.09927,'-6363.2989926229
,15-03-2016 00:00,22099.28209,35991.21345,8207.35073
,16-03-2016 00:00,24211.84248,38131.59652,10292.08845
,17-03-2016 00:00,22503.00514,36450.52635,8555.483926
,18-03-2016 00:00,23450.74254,37425.97576,9475.509324
,19-03-2016 00:00,24698.59176,38701.48214,10695.70138
,20-03-2016 00:00,13591.25334,27621.74636,'-439.23968714765215
,21-03-2016 00:00,7417.900137,21475.94161,'-6640.14133233617
,22-03-2016 00:00,22099.28209,36265.89204,7932.672142
,23-03-2016 00:00,24211.84248,38405.7367,10017.94827
,24-03-2016 00:00,22503.00514,36724.13127,8281.879006
,25-03-2016 00:00,23450.74254,37699.04854,9202.436538
,26-03-2016 00:00,24698.59176,38974.02589,10423.15764
,27-03-2016 00:00,13591.25334,27893.76413,'-711.2574567282427
,28-03-2016 00:00,7417.900137,21747.43643,'-6911.636158945834
,29-03-2016 00:00,22099.28209,36535.3452,7663.218987
,30-03-2016 00:00,24211.84248,38674.68154,9749.003431
,31-03-2016 00:00,22503.00514,36992.57066,8013.439617
,01-04-2016 00:00,23450.74254,37966.98532,8934.49976
,02-04-2016 00:00,24698.59176,39241.46287,10155.72066
,03-04-2016 00:00,13591.25334,28160.7041,'-978.1974250827006
,04-04-2016 00:00,7417.900137,22013.88215,'-7178.081877242132
,05-04-2016 00:00,22099.28209,36799.86026,7398.703924
,06-04-2016 00:00,24211.84248,38938.71568,9484.969294
,07-04-2016 00:00,22503.00514,37256.12648,7749.883791
,08-04-2016 00:00,23450.74254,38230.06543,8671.419655
,09-04-2016 00:00,24698.59176,39504.06982,9893.113705
,10-04-2016 00:00,13591.25334,28422.84044,'-1240.333766637108
,11-04-2016 00:00,7417.900137,22275.5504,'-7439.750130230277
,12-04-2016 00:00,22099.28209,37059.69917,7138.865019
,13-04-2016 00:00,24211.84248,39198.09867,9225.586298
,14-04-2016 00:00,22503.00514,37515.05596,7490.954313
,15-04-2016 00:00,23450.74254,38488.54376,8412.941323
,16-04-2016 00:00,24698.59176,39762.09935,9635.08417
,17-04-2016 00:00,13591.25334,28680.42351,'-1497.9168362328892
,18-04-2016 00:00,7417.900137,22532.68932,'-7696.889043354902
,19-04-2016 00:00,22099.28209,37315.10148,6883.462709
,20-04-2016 00:00,24211.84248,39453.06799,8970.616977
,21-04-2016 00:00,22503.00514,37769.59449,7236.415785
,22-04-2016 00:00,23450.74254,38742.65367,8158.831412
,23-04-2016 00:00,24698.59176,40015.78281,9381.400718
,24-04-2016 00:00,13591.25334,28933.68264,'-1751.1759693638523
,25-04-2016 00:00,7417.900137,22785.52625,'-7949.725979932207
,26-04-2016 00:00,22099.28209,37566.28697,6632.277211
,27-04-2016 00:00,24211.84248,39703.84156,8719.843405
,28-04-2016 00:00,22503.00514,38019.95816,6986.052119
,29-04-2016 00:00,23450.74254,38992.60943,7908.875649
,30-04-2016 00:00,24698.59176,40265.33265,9131.85087
,01-05-2016 00:00,13591.25334,29182.82854,'-2000.3218728609118
,02-05-2016 00:00,7417.900137,23034.27017,'-8198.46989489467
,03-05-2016 00:00,22099.28209,37813.45787,6385.10631
,04-05-2016 00:00,24211.84248,39950.61995,8473.065023
,05-05-2016 00:00,22503.00514,38266.34588,6739.664391
,06-05-2016 00:00,23450.74254,39238.60836,7662.876726
,07-05-2016 00:00,24698.59176,40510.94461,8886.238917
,08-05-2016 00:00,13591.25334,29428.05535,'-2245.548676939321
,09-05-2016 00:00,7417.900137,23279.11363,'-8443.31335618194
,10-05-2016 00:00,22099.28209,38056.80073,6141.763457
,11-05-2016 00:00,24211.84248,40193.58821,8230.096757
,12-05-2016 00:00,22503.00514,38508.94129,6497.068989
,13-05-2016 00:00,23450.74254,39480.83261,7420.652476
,14-05-2016 00:00,24698.59176,40752.7994,8644.38412
,15-05-2016 00:00,13591.25334,29669.54238,'-2487.0357054529504
,16-05-2016 00:00,7417.900137,23520.23456,'-8684.434289397113
,17-05-2016 00:00,22099.28209,38296.48807,5902.076114
,18-05-2016 00:00,24211.84248,40432.91757,7990.767397
,19-05-2016 00:00,22503.00514,38747.91426,6258.096012
,20-05-2016 00:00,23450.74254,39719.45079,7182.034295
,21-05-2016 00:00,24698.59176,40991.06436,8406.119159
,22-05-2016 00:00,13591.25334,29907.45568,'-2724.9490102559394
,23-05-2016 00:00,7417.900137,23757.79776,'-8921.997490671003
,24-05-2016 00:00,22099.28209,38532.67985,5665.88433
,25-05-2016 00:00,24211.84248,40668.76679,7754.918182
,26-05-2016 00:00,22503.00514,38983.4224,6022.58788
,27-05-2016 00:00,23450.74254,39954.61931,6946.865769
,28-05-2016 00:00,24698.59176,41225.89475,8171.288775
,29-05-2016 00:00,13591.25334,30141.94938,'-2959.4427069893845
,30-05-2016 00:00,7417.900137,23991.95622,'-9156.155944297709
